CREATE DATABASE  IF NOT EXISTS `secqs` /*!40100 DEFAULT CHARACTER SET utf8mb3 */ /*!80016 DEFAULT ENCRYPTION='N' */;
USE `secqs`;
-- MySQL dump 10.13  Distrib 8.0.34, for Win64 (x86_64)
--
-- Host: localhost    Database: secqs
-- ------------------------------------------------------
-- Server version	8.0.35

/*!40101 SET @OLD_CHARACTER_SET_CLIENT=@@CHARACTER_SET_CLIENT */;
/*!40101 SET @OLD_CHARACTER_SET_RESULTS=@@CHARACTER_SET_RESULTS */;
/*!40101 SET @OLD_COLLATION_CONNECTION=@@COLLATION_CONNECTION */;
/*!50503 SET NAMES utf8 */;
/*!40103 SET @OLD_TIME_ZONE=@@TIME_ZONE */;
/*!40103 SET TIME_ZONE='+00:00' */;
/*!40014 SET @OLD_UNIQUE_CHECKS=@@UNIQUE_CHECKS, UNIQUE_CHECKS=0 */;
/*!40014 SET @OLD_FOREIGN_KEY_CHECKS=@@FOREIGN_KEY_CHECKS, FOREIGN_KEY_CHECKS=0 */;
/*!40101 SET @OLD_SQL_MODE=@@SQL_MODE, SQL_MODE='NO_AUTO_VALUE_ON_ZERO' */;
/*!40111 SET @OLD_SQL_NOTES=@@SQL_NOTES, SQL_NOTES=0 */;

--
-- Table structure for table `co1`
--

DROP TABLE IF EXISTS `co1`;
/*!40101 SET @saved_cs_client     = @@character_set_client */;
/*!50503 SET character_set_client = utf8mb4 */;
CREATE TABLE `co1` (
  `question_id` int NOT NULL,
  `question_answer` varchar(45) DEFAULT NULL,
  KEY `fk_Co1_Questions1_idx` (`question_id`) /*!80000 INVISIBLE */,
  CONSTRAINT `fk_Co1_Questions1` FOREIGN KEY (`question_id`) REFERENCES `questions` (`question_id`) ON DELETE CASCADE ON UPDATE CASCADE
) ENGINE=InnoDB DEFAULT CHARSET=utf8mb3;
/*!40101 SET character_set_client = @saved_cs_client */;

--
-- Dumping data for table `co1`
--

LOCK TABLES `co1` WRITE;
/*!40000 ALTER TABLE `co1` DISABLE KEYS */;
INSERT INTO `co1` VALUES (1,'yes I am a sec compeny'),(2,'No ofc not'),(3,NULL),(4,NULL),(5,NULL),(6,NULL),(7,NULL),(8,NULL),(9,NULL),(10,NULL),(11,NULL),(12,NULL),(13,NULL),(14,NULL),(15,NULL),(16,NULL),(17,NULL),(18,NULL),(19,NULL),(20,NULL),(21,NULL),(22,NULL),(23,NULL),(24,NULL),(25,NULL),(26,NULL),(27,NULL),(28,NULL),(29,NULL),(30,NULL),(31,NULL),(32,NULL),(33,NULL),(34,NULL),(35,NULL),(36,NULL),(37,NULL),(38,NULL),(39,NULL),(40,NULL),(41,NULL),(42,NULL),(43,NULL),(44,NULL),(45,NULL),(46,NULL),(47,NULL),(48,NULL),(49,NULL),(50,NULL),(51,NULL),(52,NULL),(53,NULL),(54,NULL),(55,NULL),(56,NULL),(57,NULL),(58,NULL),(59,NULL),(60,NULL),(61,NULL),(62,NULL),(63,NULL),(64,NULL),(65,NULL),(66,NULL),(67,NULL),(68,NULL),(69,NULL),(70,NULL),(71,NULL),(72,NULL),(73,NULL),(74,NULL),(75,NULL),(76,NULL),(77,NULL),(78,NULL),(79,NULL),(80,NULL),(81,NULL),(82,NULL),(83,NULL),(84,NULL),(85,NULL),(86,NULL),(87,NULL),(88,NULL),(89,NULL),(90,NULL),(91,NULL),(92,NULL),(93,NULL),(94,NULL),(95,NULL),(96,NULL),(97,NULL),(98,NULL),(99,NULL),(100,NULL),(101,NULL),(102,NULL),(103,NULL),(104,NULL),(105,NULL),(106,NULL),(107,NULL),(108,NULL),(109,NULL),(110,NULL),(111,NULL),(112,NULL),(113,NULL),(114,NULL),(115,NULL),(116,NULL),(117,NULL),(118,NULL),(119,NULL),(120,NULL),(121,NULL),(122,NULL),(123,NULL),(124,NULL),(125,NULL),(126,NULL),(127,NULL),(128,NULL),(129,NULL),(130,NULL),(131,NULL),(132,NULL),(133,NULL),(134,NULL),(135,NULL),(136,NULL),(137,NULL),(138,NULL),(139,NULL),(140,NULL),(141,NULL),(142,NULL),(143,NULL),(144,NULL),(145,NULL),(146,NULL),(147,NULL),(148,NULL),(149,NULL),(150,NULL),(151,NULL),(152,NULL),(153,NULL),(154,NULL),(155,NULL),(156,NULL),(157,NULL),(158,NULL),(159,NULL),(160,NULL),(161,NULL),(162,NULL),(163,NULL),(164,NULL),(165,NULL),(166,NULL),(167,NULL),(168,NULL),(169,NULL),(170,NULL),(171,NULL),(172,NULL),(173,NULL),(174,NULL),(175,NULL);
/*!40000 ALTER TABLE `co1` ENABLE KEYS */;
UNLOCK TABLES;

--
-- Table structure for table `co2`
--

DROP TABLE IF EXISTS `co2`;
/*!40101 SET @saved_cs_client     = @@character_set_client */;
/*!50503 SET character_set_client = utf8mb4 */;
CREATE TABLE `co2` (
  `question_id` int NOT NULL,
  `question_answer` varchar(45) DEFAULT NULL,
  KEY `fk_Co2_Questions_idx` (`question_id`),
  CONSTRAINT `fk_Co2_Questions` FOREIGN KEY (`question_id`) REFERENCES `questions` (`question_id`) ON DELETE CASCADE ON UPDATE CASCADE
) ENGINE=InnoDB DEFAULT CHARSET=utf8mb3;
/*!40101 SET character_set_client = @saved_cs_client */;

--
-- Dumping data for table `co2`
--

LOCK TABLES `co2` WRITE;
/*!40000 ALTER TABLE `co2` DISABLE KEYS */;
INSERT INTO `co2` VALUES (1,'no I am not sec compeny'),(2,'ig you will have to find out'),(3,NULL),(4,NULL),(5,NULL),(6,NULL),(7,NULL),(8,NULL),(9,NULL),(10,NULL),(11,NULL),(12,NULL),(13,NULL),(14,NULL),(15,NULL),(16,NULL),(17,NULL),(18,NULL),(19,NULL),(20,NULL),(21,NULL),(22,NULL),(23,NULL),(24,NULL),(25,NULL),(26,NULL),(27,NULL),(28,NULL),(29,NULL),(30,NULL),(31,NULL),(32,NULL),(33,NULL),(34,NULL),(35,NULL),(36,NULL),(37,NULL),(38,NULL),(39,NULL),(40,NULL),(41,NULL),(42,NULL),(43,NULL),(44,NULL),(45,NULL),(46,NULL),(47,NULL),(48,NULL),(49,NULL),(50,NULL),(51,NULL),(52,NULL),(53,NULL),(54,NULL),(55,NULL),(56,NULL),(57,NULL),(58,NULL),(59,NULL),(60,NULL),(61,NULL),(62,NULL),(63,NULL),(64,NULL),(65,NULL),(66,NULL),(67,NULL),(68,NULL),(69,NULL),(70,NULL),(71,NULL),(72,NULL),(73,NULL),(74,NULL),(75,NULL),(76,NULL),(77,NULL),(78,NULL),(79,NULL),(80,NULL),(81,NULL),(82,NULL),(83,NULL),(84,NULL),(85,NULL),(86,NULL),(87,NULL),(88,NULL),(89,NULL),(90,NULL),(91,NULL),(92,NULL),(93,NULL),(94,NULL),(95,NULL),(96,NULL),(97,NULL),(98,NULL),(99,NULL),(100,NULL),(101,NULL),(102,NULL),(103,NULL),(104,NULL),(105,NULL),(106,NULL),(107,NULL),(108,NULL),(109,NULL),(110,NULL),(111,NULL),(112,NULL),(113,NULL),(114,NULL),(115,NULL),(116,NULL),(117,NULL),(118,NULL),(119,NULL),(120,NULL),(121,NULL),(122,NULL),(123,NULL),(124,NULL),(125,NULL),(126,NULL),(127,NULL),(128,NULL),(129,NULL),(130,NULL),(131,NULL),(132,NULL),(133,NULL),(134,NULL),(135,NULL),(136,NULL),(137,NULL),(138,NULL),(139,NULL),(140,NULL),(141,NULL),(142,NULL),(143,NULL),(144,NULL),(145,NULL),(146,NULL),(147,NULL),(148,NULL),(149,NULL),(150,NULL),(151,NULL),(152,NULL),(153,NULL),(154,NULL),(155,NULL),(156,NULL),(157,NULL),(158,NULL),(159,NULL),(160,NULL),(161,NULL),(162,NULL),(163,NULL),(164,NULL),(165,NULL),(166,NULL),(167,NULL),(168,NULL),(169,NULL),(170,NULL),(171,NULL),(172,NULL),(173,NULL),(174,NULL),(175,NULL);
/*!40000 ALTER TABLE `co2` ENABLE KEYS */;
UNLOCK TABLES;

--
-- Table structure for table `co3`
--

DROP TABLE IF EXISTS `co3`;
/*!40101 SET @saved_cs_client     = @@character_set_client */;
/*!50503 SET character_set_client = utf8mb4 */;
CREATE TABLE `co3` (
  `question_id` int NOT NULL,
  `question_answer` varchar(45) DEFAULT NULL,
  KEY `fk_Co3_Questions1_idx` (`question_id`),
  CONSTRAINT `fk_Co3_Questions1` FOREIGN KEY (`question_id`) REFERENCES `questions` (`question_id`) ON DELETE CASCADE ON UPDATE CASCADE
) ENGINE=InnoDB DEFAULT CHARSET=utf8mb3;
/*!40101 SET character_set_client = @saved_cs_client */;

--
-- Dumping data for table `co3`
--

LOCK TABLES `co3` WRITE;
/*!40000 ALTER TABLE `co3` DISABLE KEYS */;
INSERT INTO `co3` VALUES (1,'I like to think of myself as a sec compeny'),(2,'I sure dont think so'),(3,NULL),(4,NULL),(5,NULL),(6,NULL),(7,NULL),(8,NULL),(9,NULL),(10,NULL),(11,NULL),(12,NULL),(13,NULL),(14,NULL),(15,NULL),(16,NULL),(17,NULL),(18,NULL),(19,NULL),(20,NULL),(21,NULL),(22,NULL),(23,NULL),(24,NULL),(25,NULL),(26,NULL),(27,NULL),(28,NULL),(29,NULL),(30,NULL),(31,NULL),(32,NULL),(33,NULL),(34,NULL),(35,NULL),(36,NULL),(37,NULL),(38,NULL),(39,NULL),(40,NULL),(41,NULL),(42,NULL),(43,NULL),(44,NULL),(45,NULL),(46,NULL),(47,NULL),(48,NULL),(49,NULL),(50,NULL),(51,NULL),(52,NULL),(53,NULL),(54,NULL),(55,NULL),(56,NULL),(57,NULL),(58,NULL),(59,NULL),(60,NULL),(61,NULL),(62,NULL),(63,NULL),(64,NULL),(65,NULL),(66,NULL),(67,NULL),(68,NULL),(69,NULL),(70,NULL),(71,NULL),(72,NULL),(73,NULL),(74,NULL),(75,NULL),(76,NULL),(77,NULL),(78,NULL),(79,NULL),(80,NULL),(81,NULL),(82,NULL),(83,NULL),(84,NULL),(85,NULL),(86,NULL),(87,NULL),(88,NULL),(89,NULL),(90,NULL),(91,NULL),(92,NULL),(93,NULL),(94,NULL),(95,NULL),(96,NULL),(97,NULL),(98,NULL),(99,NULL),(100,NULL),(101,NULL),(102,NULL),(103,NULL),(104,NULL),(105,NULL),(106,NULL),(107,NULL),(108,NULL),(109,NULL),(110,NULL),(111,NULL),(112,NULL),(113,NULL),(114,NULL),(115,NULL),(116,NULL),(117,NULL),(118,NULL),(119,NULL),(120,NULL),(121,NULL),(122,NULL),(123,NULL),(124,NULL),(125,NULL),(126,NULL),(127,NULL),(128,NULL),(129,NULL),(130,NULL),(131,NULL),(132,NULL),(133,NULL),(134,NULL),(135,NULL),(136,NULL),(137,NULL),(138,NULL),(139,NULL),(140,NULL),(141,NULL),(142,NULL),(143,NULL),(144,NULL),(145,NULL),(146,NULL),(147,NULL),(148,NULL),(149,NULL),(150,NULL),(151,NULL),(152,NULL),(153,NULL),(154,NULL),(155,NULL),(156,NULL),(157,NULL),(158,NULL),(159,NULL),(160,NULL),(161,NULL),(162,NULL),(163,NULL),(164,NULL),(165,NULL),(166,NULL),(167,NULL),(168,NULL),(169,NULL),(170,NULL),(171,NULL),(172,NULL),(173,NULL),(174,NULL),(175,NULL);
/*!40000 ALTER TABLE `co3` ENABLE KEYS */;
UNLOCK TABLES;

--
-- Table structure for table `grade`
--

DROP TABLE IF EXISTS `grade`;
/*!40101 SET @saved_cs_client     = @@character_set_client */;
/*!50503 SET character_set_client = utf8mb4 */;
CREATE TABLE `grade` (
  `question_id` int NOT NULL,
  `co1_q_grade` int DEFAULT NULL,
  `co2_q_grade` int DEFAULT NULL,
  `co3_q_grade` int DEFAULT NULL,
  KEY `fk_Grade_Questions1_idx` (`question_id`),
  CONSTRAINT `fk_Grade_Questions1` FOREIGN KEY (`question_id`) REFERENCES `questions` (`question_id`) ON DELETE CASCADE ON UPDATE CASCADE
) ENGINE=InnoDB DEFAULT CHARSET=utf8mb3;
/*!40101 SET character_set_client = @saved_cs_client */;

--
-- Dumping data for table `grade`
--

LOCK TABLES `grade` WRITE;
/*!40000 ALTER TABLE `grade` DISABLE KEYS */;
INSERT INTO `grade` VALUES (1,2,2,2),(2,0,0,3),(3,NULL,NULL,NULL),(4,NULL,NULL,NULL),(5,NULL,NULL,NULL),(6,NULL,NULL,NULL),(7,NULL,NULL,NULL),(8,NULL,NULL,NULL),(9,NULL,NULL,NULL),(10,NULL,NULL,NULL),(11,NULL,NULL,NULL),(12,NULL,NULL,NULL),(13,NULL,NULL,NULL),(14,NULL,NULL,NULL),(15,NULL,NULL,NULL),(16,NULL,NULL,NULL),(17,NULL,NULL,NULL),(18,NULL,NULL,NULL),(19,NULL,NULL,NULL),(20,NULL,NULL,NULL),(21,NULL,NULL,NULL),(22,NULL,NULL,NULL),(23,NULL,NULL,NULL),(24,NULL,NULL,NULL),(25,NULL,NULL,NULL),(26,NULL,NULL,NULL),(27,NULL,NULL,NULL),(28,NULL,NULL,NULL),(29,NULL,NULL,NULL),(30,NULL,NULL,NULL),(31,NULL,NULL,NULL),(32,NULL,NULL,NULL),(33,NULL,NULL,NULL),(34,NULL,NULL,NULL),(35,NULL,NULL,NULL),(36,NULL,NULL,NULL),(37,NULL,NULL,NULL),(38,NULL,NULL,NULL),(39,NULL,NULL,NULL),(40,NULL,NULL,NULL),(41,NULL,NULL,NULL),(42,NULL,NULL,NULL),(43,NULL,NULL,NULL),(44,NULL,NULL,NULL),(45,NULL,NULL,NULL),(46,NULL,NULL,NULL),(47,NULL,NULL,NULL),(48,NULL,NULL,NULL),(49,NULL,NULL,NULL),(50,NULL,NULL,NULL),(51,NULL,NULL,NULL),(52,NULL,NULL,NULL),(53,NULL,NULL,NULL),(54,NULL,NULL,NULL),(55,NULL,NULL,NULL),(56,NULL,NULL,NULL),(57,NULL,NULL,NULL),(58,NULL,NULL,NULL),(59,NULL,NULL,NULL),(60,NULL,NULL,NULL),(61,NULL,NULL,NULL),(62,NULL,NULL,NULL),(63,NULL,NULL,NULL),(64,NULL,NULL,NULL),(65,NULL,NULL,NULL),(66,NULL,NULL,NULL),(67,NULL,NULL,NULL),(68,NULL,NULL,NULL),(69,NULL,NULL,NULL),(70,NULL,NULL,NULL),(71,NULL,NULL,NULL),(72,NULL,NULL,NULL),(73,NULL,NULL,NULL),(74,NULL,NULL,NULL),(75,NULL,NULL,NULL),(76,NULL,NULL,NULL),(77,NULL,NULL,NULL),(78,NULL,NULL,NULL),(79,NULL,NULL,NULL),(80,NULL,NULL,NULL),(81,NULL,NULL,NULL),(82,NULL,NULL,NULL),(83,NULL,NULL,NULL),(84,NULL,NULL,NULL),(85,NULL,NULL,NULL),(86,NULL,NULL,NULL),(87,NULL,NULL,NULL),(88,NULL,NULL,NULL),(89,NULL,NULL,NULL),(90,NULL,NULL,NULL),(91,NULL,NULL,NULL),(92,NULL,NULL,NULL),(93,NULL,NULL,NULL),(94,NULL,NULL,NULL),(95,NULL,NULL,NULL),(96,NULL,NULL,NULL),(97,NULL,NULL,NULL),(98,NULL,NULL,NULL),(99,NULL,NULL,NULL),(100,NULL,NULL,NULL),(101,NULL,NULL,NULL),(102,NULL,NULL,NULL),(103,NULL,NULL,NULL),(104,NULL,NULL,NULL),(105,NULL,NULL,NULL),(106,NULL,NULL,NULL),(107,NULL,NULL,NULL),(108,NULL,NULL,NULL),(109,NULL,NULL,NULL),(110,NULL,NULL,NULL),(111,NULL,NULL,NULL),(112,NULL,NULL,NULL),(113,NULL,NULL,NULL),(114,NULL,NULL,NULL),(115,NULL,NULL,NULL),(116,NULL,NULL,NULL),(117,NULL,NULL,NULL),(118,NULL,NULL,NULL),(119,NULL,NULL,NULL),(120,NULL,NULL,NULL),(121,NULL,NULL,NULL),(122,NULL,NULL,NULL),(123,NULL,NULL,NULL),(124,NULL,NULL,NULL),(125,NULL,NULL,NULL),(126,NULL,NULL,NULL),(127,NULL,NULL,NULL),(128,NULL,NULL,NULL),(129,NULL,NULL,NULL),(130,NULL,NULL,NULL),(131,NULL,NULL,NULL),(132,NULL,NULL,NULL),(133,NULL,NULL,NULL),(134,NULL,NULL,NULL),(135,NULL,NULL,NULL),(136,NULL,NULL,NULL),(137,NULL,NULL,NULL),(138,NULL,NULL,NULL),(139,NULL,NULL,NULL),(140,NULL,NULL,NULL),(141,NULL,NULL,NULL),(142,NULL,NULL,NULL),(143,NULL,NULL,NULL),(144,NULL,NULL,NULL),(145,NULL,NULL,NULL),(146,NULL,NULL,NULL),(147,NULL,NULL,NULL),(148,NULL,NULL,NULL),(149,NULL,NULL,NULL),(150,NULL,NULL,NULL),(151,NULL,NULL,NULL),(152,NULL,NULL,NULL),(153,NULL,NULL,NULL),(154,NULL,NULL,NULL),(155,NULL,NULL,NULL),(156,NULL,NULL,NULL),(157,NULL,NULL,NULL),(158,NULL,NULL,NULL),(159,NULL,NULL,NULL),(160,NULL,NULL,NULL),(161,NULL,NULL,NULL),(162,NULL,NULL,NULL),(163,NULL,NULL,NULL),(164,NULL,NULL,NULL),(165,NULL,NULL,NULL),(166,NULL,NULL,NULL),(167,NULL,NULL,NULL),(168,NULL,NULL,NULL),(169,NULL,NULL,NULL),(170,NULL,NULL,NULL),(171,NULL,NULL,NULL),(172,NULL,NULL,NULL),(173,NULL,NULL,NULL),(174,NULL,NULL,NULL),(175,NULL,NULL,NULL);
/*!40000 ALTER TABLE `grade` ENABLE KEYS */;
UNLOCK TABLES;

--
-- Table structure for table `grade2`
--

DROP TABLE IF EXISTS `grade2`;
/*!40101 SET @saved_cs_client     = @@character_set_client */;
/*!50503 SET character_set_client = utf8mb4 */;
CREATE TABLE `grade2` (
  `question_id` int NOT NULL,
  `co_id` int NOT NULL,
  `grade` int DEFAULT NULL
) ENGINE=InnoDB DEFAULT CHARSET=utf8mb3;
/*!40101 SET character_set_client = @saved_cs_client */;

--
-- Dumping data for table `grade2`
--

LOCK TABLES `grade2` WRITE;
/*!40000 ALTER TABLE `grade2` DISABLE KEYS */;
/*!40000 ALTER TABLE `grade2` ENABLE KEYS */;
UNLOCK TABLES;

--
-- Table structure for table `questions`
--

DROP TABLE IF EXISTS `questions`;
/*!40101 SET @saved_cs_client     = @@character_set_client */;
/*!50503 SET character_set_client = utf8mb4 */;
CREATE TABLE `questions` (
  `question_id` int NOT NULL,
  `questions` varchar(45) DEFAULT NULL,
  PRIMARY KEY (`question_id`)
) ENGINE=InnoDB DEFAULT CHARSET=utf8mb3;
/*!40101 SET character_set_client = @saved_cs_client */;

--
-- Dumping data for table `questions`
--

LOCK TABLES `questions` WRITE;
/*!40000 ALTER TABLE `questions` DISABLE KEYS */;
INSERT INTO `questions` VALUES (1,'Are you a sec compeny'),(2,'Are you guys a scam'),(3,NULL),(4,NULL),(5,NULL),(6,NULL),(7,NULL),(8,NULL),(9,NULL),(10,NULL),(11,NULL),(12,NULL),(13,NULL),(14,NULL),(15,NULL),(16,NULL),(17,NULL),(18,NULL),(19,NULL),(20,NULL),(21,NULL),(22,NULL),(23,NULL),(24,NULL),(25,NULL),(26,NULL),(27,NULL),(28,NULL),(29,NULL),(30,NULL),(31,NULL),(32,NULL),(33,NULL),(34,NULL),(35,NULL),(36,NULL),(37,NULL),(38,NULL),(39,NULL),(40,NULL),(41,NULL),(42,NULL),(43,NULL),(44,NULL),(45,NULL),(46,NULL),(47,NULL),(48,NULL),(49,NULL),(50,NULL),(51,NULL),(52,NULL),(53,NULL),(54,NULL),(55,NULL),(56,NULL),(57,NULL),(58,NULL),(59,NULL),(60,NULL),(61,NULL),(62,NULL),(63,NULL),(64,NULL),(65,NULL),(66,NULL),(67,NULL),(68,NULL),(69,NULL),(70,NULL),(71,NULL),(72,NULL),(73,NULL),(74,NULL),(75,NULL),(76,NULL),(77,NULL),(78,NULL),(79,NULL),(80,NULL),(81,NULL),(82,NULL),(83,NULL),(84,NULL),(85,NULL),(86,NULL),(87,NULL),(88,NULL),(89,NULL),(90,NULL),(91,NULL),(92,NULL),(93,NULL),(94,NULL),(95,NULL),(96,NULL),(97,NULL),(98,NULL),(99,NULL),(100,NULL),(101,NULL),(102,NULL),(103,NULL),(104,NULL),(105,NULL),(106,NULL),(107,NULL),(108,NULL),(109,NULL),(110,NULL),(111,NULL),(112,NULL),(113,NULL),(114,NULL),(115,NULL),(116,NULL),(117,NULL),(118,NULL),(119,NULL),(120,NULL),(121,NULL),(122,NULL),(123,NULL),(124,NULL),(125,NULL),(126,NULL),(127,NULL),(128,NULL),(129,NULL),(130,NULL),(131,NULL),(132,NULL),(133,NULL),(134,NULL),(135,NULL),(136,NULL),(137,NULL),(138,NULL),(139,NULL),(140,NULL),(141,NULL),(142,NULL),(143,NULL),(144,NULL),(145,NULL),(146,NULL),(147,NULL),(148,NULL),(149,NULL),(150,NULL),(151,NULL),(152,NULL),(153,NULL),(154,NULL),(155,NULL),(156,NULL),(157,NULL),(158,NULL),(159,NULL),(160,NULL),(161,NULL),(162,NULL),(163,NULL),(164,NULL),(165,NULL),(166,NULL),(167,NULL),(168,NULL),(169,NULL),(170,NULL),(171,NULL),(172,NULL),(173,NULL),(174,NULL),(175,NULL);
/*!40000 ALTER TABLE `questions` ENABLE KEYS */;
UNLOCK TABLES;
/*!40103 SET TIME_ZONE=@OLD_TIME_ZONE */;

/*!40101 SET SQL_MODE=@OLD_SQL_MODE */;
/*!40014 SET FOREIGN_KEY_CHECKS=@OLD_FOREIGN_KEY_CHECKS */;
/*!40014 SET UNIQUE_CHECKS=@OLD_UNIQUE_CHECKS */;
/*!40101 SET CHARACTER_SET_CLIENT=@OLD_CHARACTER_SET_CLIENT */;
/*!40101 SET CHARACTER_SET_RESULTS=@OLD_CHARACTER_SET_RESULTS */;
/*!40101 SET COLLATION_CONNECTION=@OLD_COLLATION_CONNECTION */;
/*!40111 SET SQL_NOTES=@OLD_SQL_NOTES */;

-- Dump completed on 2024-04-21 16:06:58
